id;in_xml
649;001.1
650;002.1
651;003.1
652;003.2
653;004.1
654;005.1
655;006.1
656;007.1
657;008.1
658;008.2
659;009.1
660;010.1
661;011.1
662;012.1
663;013.1
664;014.1
665;015.1
666;016.1
667;017.1
668;018.1
669;019.1
670;020.1
671;021.1
672;022.1
673;023.1
674;024.1
675;025.1
676;026.1
677;027.1
678;028.1
679;029.1
680;030.1
681;031.1
682;032.1
683;033.1
684;034.1
685;035.1
686;036.1
687;037.1
688;038.1
689;039.1
690;040.1
691;041.1
692;042.1
693;043.1
694;044.1
695;045.1
696;046.1
697;047.1
698;048.1
699;049.1
700;050.1
701;051.1
702;052.1
703;053.1
704;054.1
705;055.1
706;056.1
707;057.1
708;058.1
709;059.1
710;060.1
711;061.1
712;062.1
713;063.1
714;064.1
715;065.1
716;066.1
717;067.1
718;068.1
719;069.1
720;070.1
721;071.1
722;072.1
723;073.1
724;074.1
725;075.1
726;076.1
727;077.1
728;078.1
729;079.1
730;080.1
731;081.1
732;082.1
733;083.1
734;084.1
735;084.2
736;085.1
737;085.2
738;086.1
739;086.2
740;086.3
741;086.4
742;086.5
743;086.6
744;086.7
745;086.8
746;087.1
747;088.1
748;089.1
749;089.2
750;089.3
751;090.1
752;090.2
753;090.3
754;091.1
755;091.2
756;091.3
757;092.1
758;093.1
759;094.1
1544;094.2
760;095.1
761;096.1
762;096.2
763;096.3
764;096.4
765;096.5
766;096.6
767;096.7
768;096.8
769;096.9
770;097.1
771;097.2
772;098.1
773;098.2
774;099.1
775;099.2
776;100.1
777;101.1
778;102.1
779;103.1
780;103.2
781;104.1
782;105.1
783;106.1
784;107.1
785;108.1
786;109.1
787;110.1
788;111.1
789;111.2
790;112.1
791;113.1
792;113.2
793;114.1
794;114.2
795;115.1
796;116.1
797;116.2
798;116.3
799;116.4
800;116.5
801;116.6
802;116.7
803;117.1
804;117.2
805;118.1
806;118.2
807;118.3
808;119.1
809;119.2
810;119.3
811;120.1
812;120.2
813;121.1
814;121.2
815;121.3
816;121.4
817;121.5
818;121.6
819;121.7
820;121.8
821;121.9
822;121.10
823;122.1
824;122.2
825;122.3
826;122.4
827;122.5
828;122.6
829;123.1
830;123.2
831;124.1
832;124.2
833;125.1
834;125.2
835;126.1
836;127.1
837;127.2
838;128.1
839;128.2
840;128.3
841;129.1
842;129.2
843;129.3
844;130.1
845;130.2
846;131.1
847;132.1
848;132.2
849;133.1
850;134.1
851;135.1
852;136.1
853;137.1
854;138.1
855;139.1
856;139.2
857;140.1
858;140.2
859;141.1
860;141.2
861;141.3
862;141.4
863;141.5
864;142.1
865;142.2
866;142.3
867;142.4
868;142.5
869;142.6
870;142.7
871;142.8
872;142.9
873;142.10
874;143.1
875;143.2
876;143.3
877;144.1
878;144.2
879;144.3
880;144.4
881;144.5
882;144.6
883;144.7
884;144.8
885;144.9
886;145.1
887;145.2
888;146.1
889;146.2
890;146.3
891;146.4
892;147.1
893;148.1
894;148.2
895;149.1
896;150.1
897;150.2
898;151.1
899;151.2
900;151.3
901;151.4
902;151.5
903;151.6
904;152.1
905;152.2
906;153.1
907;154.1
908;154.2
909;155.1
910;156.1
911;157.1
912;157.2
913;158.1
914;158.2
915;159.1
916;159.2
917;160.1
918;161.1
919;162.1
920;163.1
921;163.2
922;163.3
923;163.4
924;163.5
925;163.6
926;164.1
927;164.2
928;165.1
929;166.1
930;167.1
931;167.2
932;168.1
933;168.2
934;168.3
935;169.1
936;169.2
937;169.3
938;169.4
939;169.5
940;169.6
941;169.7
942;169.8
943;169.9
944;169.10
945;170.1
946;170.2
947;171.1
948;171.2
949;172.1
950;173.1
951;173.2
952;174.1
953;174.2
954;174.3
955;174.4
956;174.5
957;174.6
958;174.7
959;174.8
960;174.9
961;174.10
962;175.1
963;175.2
964;176.1
965;177.1
966;178.1
967;179.1
968;179.2
969;179.3
970;180.1
971;181.1
972;182.1
973;182.2
974;183.1
975;183.2
976;183.3
977;183.4
978;183.5
979;183.6
980;183.7
981;183.8
982;183.9
983;183.10
984;184.1
985;184.2
986;185.1
987;186.1
988;187.1
989;188.1
990;189.1
991;190.1
992;191.1
993;192.1
994;193.1
995;193.2
996;194.1
997;195.1
998;195.2
999;195.3
1000;196.1
1001;196.2
1002;196.3
1003;196.4
1004;196.5
1005;196.6
1006;196.7
1007;197.1
1008;197.2
1009;197.3
1010;198.1
1011;199.1
1012;200.1
1013;201.1
1014;202.1
1015;203.1
1016;204.1
1017;205.1
1018;206.1
1019;206.2
1020;207.1
1021;208.1
1022;208.2
1023;209.1
1024;209.2
1025;209.3
1026;210.1
1027;210.2
1028;211.1
1029;211.2
1030;212.1
1031;212.2
1032;213.1
1033;213.2
1034;213.3
1035;214.1
1036;214.2
1037;215.1
1038;216.1
1039;217.1
1040;218.1
1041;219.1
1042;220.1
1043;221.1
1044;222.1
1045;223.1
1046;224.1
1047;225.1
1048;226.1
1049;227.1
1050;228.1
1051;229.1
1052;230.1
1053;231.1
1054;232.1
1055;233.1
1056;234.1
1057;235.1
1058;236.1
1059;237.1
1060;238.1
1061;239.1
1062;240.1
1063;241.1
1064;242.1
1065;243.1
1066;244.1
1067;245.1
1068;246.1
1069;247.1
1070;248.1
1071;249.1
1072;250.1
1073;251.1
1074;252.1
1075;253.1
1076;254.1
1077;255.1
1078;256.1
1079;257.1
1080;258.1
1081;259.1
1082;260.1
1083;261.1
1084;262.1
1085;263.1
1086;264.1
1087;265.1
1088;266.1
1089;267.1
1090;268.1
1091;269.1
1092;270.1
1093;271.1
1094;272.1
1095;273.1
1096;274.1
1097;275.1
1098;276.1
1099;277.1
1100;278.1
1101;279.1
1102;280.1
1103;281.1
1104;282.1
1105;283.1
1106;284.1
1107;285.1
1108;286.1
1109;287.1
1110;288.1
1111;289.1
1112;290.1
1113;291.1
1114;292.1
1115;293.1
1116;293.2
1117;294.1
1118;294.2
1119;295.1
1120;295.2
1121;296.1
1122;296.2
1123;297.1
1124;297.2
1125;298.1
1126;298.2
1127;299.1
1128;299.2
1129;300.1
1130;300.2
1131;301.1
1132;301.2
1133;302.1
1134;302.2
1135;303.1
1136;303.2
1137;304.1
1138;304.2
1139;305.1
1140;305.2
1141;306.1
1142;306.2
1143;307.1
1144;307.2
1145;308.1
1146;308.2
1147;309.1
1148;309.2
1149;310.1
1150;310.2
1151;311.1
1152;311.2
1153;312.1
1154;312.2
1155;313.1
1156;313.2
1157;314.1
1158;314.2
1159;314.3
1160;315.1
1161;315.2
1162;315.3
1163;316.1
1164;316.2
1165;316.3
1166;317.1
1167;317.2
1168;317.3
1169;318.1
1170;318.2
1171;318.3
1172;319.1
1173;319.2
1174;319.3
1175;320.1
1176;320.2
1177;320.3
1178;321.1
1179;321.2
1180;321.3
1181;322.1
1182;322.2
1183;322.3
1184;323.1
1185;323.2
1186;323.3
1187;323.4
1188;323.5
1189;324.1
1190;325.1
1191;326.1
1192;327.1
1193;328.1
1194;329.1
1195;330.1
1196;331.1
1197;332.1
1198;333.1
1199;333.2
1200;333.3
1201;333.4
1202;333.5
1203;333.6
1204;333.7
1205;333.8
1206;333.9
1207;333.10
1208;334.1
1209;335.1
1210;336.1
1211;337.1
1212;338.1
1213;339.1
1214;340.1
1215;341.1
1216;342.1
1217;343.1
1218;344.1
1219;345.1
1220;346.1
1221;347.1
1222;348.1
1223;349.1
1224;350.1
1225;351.1
1226;352.1
1227;353.1
1228;354.1
1229;355.1
1230;356.1
1231;357.1
1232;358.1
1233;359.1
1234;360.1
1235;361.1
1236;362.1
1237;363.1
1238;364.1
1239;365.1
1240;366.1
1241;367.1
1242;368.1
1243;369.1
1244;370.1
1245;371.1
1246;372.1
1247;373.1
1248;374.1
1249;375.1
1250;376.1
1251;377.1
1252;378.1
1253;379.1
1254;380.1
1255;381.1
1256;382.1
1257;383.1
1258;384.1
1259;385.1
1260;386.1
1261;387.1
1262;388.1
1263;389.1
1264;390.1
1265;391.1
1266;392.1
1267;393.1
1268;394.1
1269;395.1
1270;396.1
1271;397.1
1272;398.1
1273;398.2
1274;398.3
1275;399.1
1276;399.2
1277;399.3
1278;400.1
1279;400.2
1280;400.3
1281;401.1
1282;401.2
1283;402.1
1284;402.2
1285;403.1
1286;403.2
1287;403.3
1288;404.1
1289;404.2
1290;404.3
1291;405.1
1292;405.2
1293;405.3
1294;405.4
1295;405.5
1296;405.6
1297;405.7
1298;405.8
1299;405.9
1300;405.10
1301;406.1
1302;406.2
1303;407.1
1304;408.1
1305;408.2
1306;409.1
1307;410.1
1308;410.2
1309;411.1
1310;411.2
1311;412.1
1312;412.2
1313;413.1
1314;413.2
1315;413.3
1316;413.4
1317;413.5
1318;413.6
1319;413.7
1320;413.8
1321;413.9
1322;414.1
1323;414.2
1324;415.1
1325;415.2
1326;416.1
1327;417.1
1328;417.2
1329;418.1
1330;418.2
1331;419.1
1332;420.1
1333;421.1
1334;422.1
1335;422.2
1336;422.3
1337;423.1
1338;423.2
1339;424.1
1340;424.2
1341;425.1
1342;426.1
1343;426.2
1344;426.3
1345;426.4
1346;426.5
1347;426.6
1348;426.7
1349;426.8
1350;426.9
1351;426.10
1352;427.1
1353;427.2
1354;428.1
1355;428.2
1356;429.1
1357;430.1
1358;430.2
1359;431.1
1360;431.2
1361;432.1
1362;432.2
1363;432.3
1364;433.1
1365;434.1
1366;434.2
1367;435.1
1368;436.1
1369;437.1
1370;438.1
1371;439.1
1372;440.1
1373;441.1
1374;441.2
1375;441.3
1376;441.4
1377;441.5
1378;441.6
1379;441.7
1380;441.8
1381;441.9
1382;441.10
1383;442.1
1384;443.1
1385;444.1
1386;444.2
1387;445.1
1388;445.2
1389;445.3
1390;446.1
1391;446.2
1392;446.3
1393;446.4
1394;446.5
1395;446.6
1396;446.7
1397;446.8
1398;446.9
1399;447.1
1400;448.1
1401;448.2
1402;448.3
1403;449.1
1404;449.2
1405;450.1
1406;450.2
1407;450.3
1408;450.4
1409;450.5
1410;450.6
1411;450.7
1412;450.8
1413;450.9
1414;451.1
1415;451.2
1416;451.3
1417;452.1
1418;452.2
1419;452.3
1420;453.1
1421;454.1
1422;454.2
1423;454.3
1424;454.4
1425;454.5
1426;454.6
1427;454.7
1428;454.8
1429;454.9
1430;455.1
1431;455.2
1432;455.3
1433;455.4
1434;455.5
1435;455.6
1436;455.7
1437;455.8
1438;455.9
1439;456.1
1440;456.2
1441;457.1
1442;457.2
1443;458.1
1444;458.2
1445;458.3
1446;458.4
1447;458.5
1448;458.6
1449;458.7
1450;458.8
1451;458.9
1452;459.1
1453;460.1
1454;460.2
1455;461.1
1456;461.2
1457;461.3
1458;462.1
1459;462.2
1460;462.3
1461;463.1
1462;463.2
1463;464.1
1464;464.2
1465;465.1
1466;466.1
1467;467.1
1468;468.1
1469;469.1
1470;470.1
1471;471.1
1472;472.1
1473;473.1
1474;474.1
1475;475.1
1476;476.1
1477;477.1
1478;478.1
1479;479.1
1480;480.1
1481;481.1
1482;482.1
1483;483.1
1484;484.1
1485;485.1
1486;486.1
1487;487.1
1488;488.1
1489;489.1
1490;490.1
1491;491.1
1492;492.1
1493;493.1
1494;494.1
1495;495.1
1496;496.1
1497;497.1
1498;498.1
1499;499.1
1500;500.1
1501;501.1
1502;502.1
1503;503.1
1504;504.1
1505;505.1
1506;506.1
1507;507.1
1508;508.1
1509;509.1
1510;510.1
1511;511.1
1512;512.1
1513;513.1
1514;514.1
1515;515.1
1516;516.1
1517;517.1
1518;518.1
1519;519.1
1520;520.1
1521;521.1
1522;522.1
1523;523.1
1524;524.1
1525;525.1
1526;526.1
1527;527.1
1528;528.1
1529;529.1
1530;530.1
1531;531.1
1532;532.1
1533;533.1
1534;534.1
1535;535.1
1536;536.1
1537;537.1
1538;538.1
1539;539.1
1540;540.1
1541;540.2
1542;541.1
1543;542.1
